Link Name,Center of Mass X,Center of Mass Y,Center of Mass Z,Center of Mass Roll,Center of Mass Pitch,Center of Mass Yaw,Mass,Moment Ixx,Moment Ixy,Moment Ixz,Moment Iyy,Moment Iyz,Moment Izz,Visual X,Visual Y,Visual Z,Visual Roll,Visual Pitch,Visual Yaw,Mesh Filename,Color Red,Color Green,Color Blue,Color Alpha,Collision X,Collision Y,Collision Z,Collision Roll,Collision Pitch,Collision Yaw,Collision Mesh Filename,Material Name,SW Components,Coordinate System,Axis Name,Joint Name,Joint Type,Joint Origin X,Joint Origin Y,Joint Origin Z,Joint Origin Roll,Joint Origin Pitch,Joint Origin Yaw,Parent,Joint Axis X,Joint Axis Y,Joint Axis Z,Limit Effort,Limit Velocity,Limit Lower,Limit Upper,Calibration rising,Calibration falling,Dynamics Damping,Dynamics Friction,Safety Soft Upper,Safety Soft Lower,Safety K Position,Safety K Velocity
torso,-0.0131642143292668,-0.00101855461920045,0.120968817067497,0,0,0,17.7538790248349,0.109513413578877,-3.84263402967609E-06,0.002072229236261,0.0639718644540955,5.94596039793819E-06,0.0796086142464887,0,0,0,0,0,0,package://biped_s4/meshes/torso.STL,0.898039215686275,0.917647058823529,0.929411764705882,1,0,0,0,0,0,0,package://biped_s4/meshes/torso.STL,,torso-1,base_link,,,,0,0,0,0,0,0,,0,0,0,,,,,,,,,,,,
l_arm_pitch,0.0146835191418715,-0.0166604103758634,-6.82857133369463E-05,0,0,0,0.165847319965906,0.0002674432873971,-2.5654089149164E-05,-1.72966133127557E-07,0.000125796784291983,-1.66717296343014E-06,0.000196186976742156,0,0,0,0,0,0,package://biped_s4/meshes/l_arm_pitch.STL,1,1,1,1,0,0,0,0,0,0,package://biped_s4/meshes/l_arm_pitch.STL,,l_arm_pitch-1,l_arm_roll_pitch_yaw,l_arm_pitch_axis,l_arm_pitch,continuous,-0.0175475823124921,0.254700000000031,0.324500000000024,0,0,0,torso,0,-1,0,,,,,,,,,,,,
l_arm_roll,0.0222872651779294,0.0156945544195443,-0.0202262244341467,0,0,0,0.14142658141305,0.000160370067223078,6.30811840859276E-06,-1.13259246453472E-05,0.000262365778589952,3.14941259087025E-05,0.000236014036281963,0,0,0,0,0,0,package://biped_s4/meshes/l_arm_roll.STL,1,1,1,1,0,0,0,0,0,0,package://biped_s4/meshes/l_arm_roll.STL,,l_arm_roll-2,l_arm_roll_pitch_yaw,l_arm_roll_axis,l_arm_roll,continuous,0,0,0,0,0,0,l_arm_pitch,1,0,0,,,,,,,,,,,,
l_arm_yaw,6.16940440653045E-05,0.00525815062787316,-0.12882194485465,0,0,0,0.147794102819133,7.00575957554695E-05,-6.81658230071221E-10,2.6942707856767E-10,8.53612265336774E-05,6.95899873075697E-06,8.82223899453282E-05,0,0,0,0,0,0,package://biped_s4/meshes/l_arm_yaw.STL,1,1,1,1,0,0,0,0,0,0,package://biped_s4/meshes/l_arm_yaw.STL,,l_arm_yaw-1,l_arm_roll_pitch_yaw,l_arm_yaw_axis,l_arm_yaw,continuous,0,0,0,0,0,0,l_arm_roll,0,0,-1,,,,,,,,,,,,
l_forearm_pitch,-1.42819297162602E-05,0.00938313949963104,-0.0522687552263907,0,0,0,0.170164726102014,9.55808447606964E-05,-4.53863489155473E-08,5.39342118114986E-08,0.000126326373178401,-9.58160032696802E-06,0.000121032474884244,0,0,0,0,0,0,package://biped_s4/meshes/l_forearm_pitch.STL,1,1,1,1,0,0,0,0,0,0,package://biped_s4/meshes/l_forearm_pitch.STL,,l_forearm_pitch-1,l_forearm_pitch,l_forearm_pitch_axis,l_forearm_pitch,continuous,0,0,-0.163599999999996,0,0,0,l_arm_yaw,0,-1,0,,,,,,,,,,,,
l_hand_yaw,0.000113131262875685,0.00969728110559553,0.0227960708688583,0,0,0,0.157336277379834,7.64923971357921E-05,8.51207618055666E-09,-1.40676645868301E-08,0.000122231121933325,1.11226992393513E-06,8.44934959384744E-05,0,0,0,0,0,0,package://biped_s4/meshes/l_hand_yaw.STL,1,1,1,1,0,0,0,0,0,0,package://biped_s4/meshes/l_hand_yaw.STL,,l_hand_yaw-1,l_hand_pitch_yaw,l_hand_yaw_axis,l_hand_yaw,continuous,0,0,-0.132050000118071,0,0,0,l_forearm_pitch,0,0,-1,,,,,,,,,,,,
l_hand_pitch,0.00810609772930763,0.00490163171050539,-0.0527751110917489,0,0,0,0.0853891779246004,4.77321490368476E-05,3.05261917457108E-06,4.77827164947653E-06,3.43814769749137E-05,-4.59311499587152E-06,2.49955336560133E-05,0,0,0,0,0,0,package://biped_s4/meshes/l_hand_pitch.STL,1,1,1,1,0,0,0,0,0,0,package://biped_s4/meshes/l_hand_pitch.STL,,l_hand_pitch-1,l_hand_pitch_yaw,l_hand_pitch_axis,l_hand_pitch,continuous,0,0,0,0,0,0,l_hand_yaw,0,1,0,,,,,,,,,,,,
l_hand_roll,0.00396050555698803,0.00946265387749012,-0.066602176591173,0,0,0,0.151352919071109,9.13246737942629E-05,3.25649345932988E-07,-4.78728976781085E-06,0.000139866613946359,1.1925397914412E-05,0.000125082116428502,0,0,0,0,0,0,package://biped_s4/meshes/l_hand_roll.STL,1,1,1,1,0,0,0,0,0,0,package://biped_s4/meshes/l_hand_roll.STL,,l_hand_roll-2,l_hand_roll,l_hand_roll_axis,l_hand_roll,continuous,0,0,-0.058999997180792,0,0,0,l_hand_pitch,1,0,0,,,,,,,,,,,,
l_thumb_proximal_yaw,0.00590166593878135,-0.00373751061980748,0.000119122170746666,0,0,0,0.00177457706476174,5.5194777085443E-08,3.05430802968252E-08,8.99312903596649E-10,7.93062784538195E-08,-4.09905263561327E-10,9.86616855273954E-08,0,0,0,0,0,0,package://biped_s4/meshes/l_thumb_proximal_yaw.STL,1,1,1,0.25,0,0,0,0,0,0,package://biped_s4/meshes/l_thumb_proximal_yaw.STL,,l_thumb_proximal-2,l_thumb_proximal_yaw,l_thumb_proximal_yaw_axis,l_thumb_proximal_yaw,continuous,0.0250000027597683,-0.0216278329431251,-0.110700000402975,0,0,0,l_hand_roll,0,0,-1,,,,,,,,,,,,
l_thumb_distal_pitch,0.00835400575954671,-1.54980826169715E-06,-0.0372051471727699,0,0,0,0.0143594964918226,7.15388390483937E-06,-6.69701976384447E-11,-2.03395115704228E-07,6.87910901050402E-06,5.38324327216661E-12,9.1475596956079E-07,0,0,0,0,0,0,package://biped_s4/meshes/l_thumb_distal_pitch.STL,1,1,1,1,0,0,0,0,0,0,package://biped_s4/meshes/l_thumb_distal_pitch.STL,,l_thumb_distal-2,l_thumb_distal_pitch,l_thumb_distal_pitch_axis,l_thumb_distal_pitch,continuous,0.0120000000000023,-0.00649999999999773,0,0,0,0,l_thumb_proximal_yaw,0,1,0,,,,,,,,,,,,
l_index_proximal_finger,0.000112677527646918,0.00210468432487104,-0.0171028451759692,0,0,0,0.00213736998836043,3.18607074297438E-07,1.30056260562274E-09,2.05323306383889E-09,3.41865494200988E-07,3.87251682723715E-08,9.68025640372966E-08,0,0,0,0,0,0,package://biped_s4/meshes/l_index_proximal_finger.STL,1,1,1,1,0,0,0,0,0,0,package://biped_s4/meshes/l_index_proximal_finger.STL,,l_index_proximal_finger-2,l_index_proximal_finger,l_index_proximal_roll_axis,l_index_proximal_finger,continuous,0.0295025377507617,0.0039487923396046,-0.174730558860478,0,-0.0311675978215656,0,l_hand_roll,-0.998506141360648,0.0546395979585239,0,,,,,,,,,,,,
l_index_distal_finger,-8.80400428074002E-05,-0.00161951020344181,-0.0254571889170825,0,0,0,0.0050446595604151,7.63510729443016E-07,9.29795250634311E-10,-1.77723934932869E-09,7.80114728886836E-07,-3.23075401001615E-08,1.15370765338784E-07,0,0,0,0,0,0,package://biped_s4/meshes/l_index_distal_finger.STL,1,1,1,1,0,0,0,0,0,0,package://biped_s4/meshes/l_index_distal_finger.STL,,l_index_distal_finger-2,l_index_distal_finger,l_index_distal_roll_axis,l_index_distal_finger,continuous,0.00013351949359549,0.00243998929947531,-0.0349145904281216,0,0,0,l_index_proximal_finger,0.998506141360648,-0.0546395979585221,0,,,,,,,,,,,,
l_middle_proximal_finger,-8.42681364791875E-08,0.00270210130078863,-0.0207829689336636,0,0,0,0.00260456391453855,5.09608185934252E-07,-1.75213111801256E-12,-1.78265353217213E-12,5.36695797641851E-07,5.70433108286832E-08,1.25808947550621E-07,0,0,0,0,0,0,package://biped_s4/meshes/l_middle_proximal_finger.STL,1,1,1,1,0,0,0,0,0,0,package://biped_s4/meshes/l_middle_proximal_finger.STL,,l_middle_proximal_finger-2,l_middle_proximal_finger,l_middle_proximal_roll_axis,l_middle_proximal_finger,continuous,0.00850000275976636,0.00820381922686209,-0.178435376742696,0,0,0,l_hand_roll,-1,0,0,,,,,,,,,,,,
l_middle_distal_finger,6.04648922300846E-07,-0.00162350982455478,-0.0254571915129888,0,0,0,0.00504466861649399,7.63455312842206E-07,1.85533672652204E-11,-1.04806627113088E-11,7.80159394341909E-07,-3.23975147926483E-08,1.15374581207705E-07,0,0,0,0,0,0,package://biped_s4/meshes/l_middle_distal_finger.STL,1,1,1,1,0,0,0,0,0,0,package://biped_s4/meshes/l_middle_distal_finger.STL,,l_middle_distal_finger-2,l_middle_distal_finger,l_middle_distal_roll_axis,l_middle_distal_finger,continuous,0,0.00292977189725752,-0.0418976901109154,0,0,0,l_middle_proximal_finger,1,0,0,,,,,,,,,,,,
l_ring_proximal_finger,-0.000147796548979496,0.00269934539278621,-0.0207828033089016,0,0,0,0.00260456483338844,5.09689336813819E-07,-1.47916431111907E-09,-3.12001764447105E-09,5.36607842012435E-07,5.69834083724575E-08,1.25816049307563E-07,0,0,0,0,0,0,package://biped_s4/meshes/l_ring_proximal_finger.STL,1,1,1,1,0,0,0,0,0,0,package://biped_s4/meshes/l_ring_proximal_finger.STL,,l_ring_proximal_finger-2,l_ring_proximal_finger,l_ring_proximal_roll_axis,l_ring_proximal_finger,continuous,-0.0126025322312212,0.0080785614881318,-0.176446661066021,0,0.0311675978215913,0,l_hand_roll,-0.998506141360648,-0.0546395979585319,0,,,,,,,,,,,,
l_ring_distal_finger,-2.97819768621012E-05,0.000551723183689734,-0.0145820959398313,0,0,0,0.00182871318152307,2.63516580484025E-07,-6.83151710625831E-10,3.36133845950725E-10,2.75945893486764E-07,-6.18248894827772E-09,4.69859277660983E-08,0,0,0,0,0,0,package://biped_s4/meshes/l_ring_distal_finger.STL,1,1,1,1,0,0,0,0,0,0,package://biped_s4/meshes/l_ring_distal_finger.STL,,l_ring_distal_finger-2,l_ring_distal_finger,l_ring_distal_roll_axis,l_ring_distal_finger,continuous,-0.000160223392310654,0.0029279871592986,-0.0418975085137674,0,0,0,l_ring_proximal_finger,0.998506141360637,0.0546395979587272,0,,,,,,,,,,,,
l_pinky_proximal_finger,-0.000122637015400211,0.00210212976760699,-0.0171030805340099,0,0,0,0.00213737962233864,3.18608415490598E-07,-1.31059762777735E-09,-2.27735464077079E-09,3.41873917256528E-07,3.868353887277E-08,9.67938996220609E-08,0,0,0,0,0,0,package://biped_s4/meshes/l_pinky_proximal_finger.STL,1,1,1,1,0,0,0,0,0,0,package://biped_s4/meshes/l_pinky_proximal_finger.STL,,l_pinky_proximal_finger-2,l_pinky_proximal_finger,l_pinky_proximal_roll_axis,l_pinky_proximal_finger,continuous,-0.0332309186593585,0.00363387338808113,-0.170227008036839,0,0.0659957839625552,0,l_hand_roll,-0.998370307122329,-0.0570677654763681,0,,,,,,,,,,,,
l_pinky_distal_finger,-2.37672426811816E-05,0.000794235285774603,-0.012715032786375,0,0,0,0.00162997770027121,1.83851165948758E-07,-6.07372921831439E-10,5.80097687729223E-10,1.94700358156753E-07,-1.32219889788332E-09,3.94697814103924E-08,0,0,0,0,0,0,package://biped_s4/meshes/l_pinky_distal_finger.STL,1,1,1,1,0,0,0,0,0,0,package://biped_s4/meshes/l_pinky_distal_finger.STL,,l_pinky_distal_finger-2,l_pinky_distal_finger,l_pinky_distal_roll_axis,l_pinky_distal_finger,continuous,-0.000139217094110203,0.00243552926671115,-0.0349148795758059,0,0,0,l_pinky_proximal_finger,0.998370307122341,0.0570677654761637,0,,,,,,,,,,,,
r_arm_pitch,0.0146743511434554,0.016829800822405,-8.16711977455475E-05,0,0,0,0.165729466195453,0.000267364314112701,2.58822573731612E-05,-1.74450019197639E-07,0.000125724274127356,1.71810516637517E-06,0.000196179895851995,0,0,0,0,0,0,package://biped_s4/meshes/r_arm_pitch.STL,1,1,1,1,0,0,0,0,0,0,package://biped_s4/meshes/r_arm_pitch.STL,,r_arm_pitch-1,r_arm_roll_pitch_yaw,r_arm_pitch_axis,r_arm_pitch,continuous,-0.0175475823119764,-0.254700000000003,0.324500000000024,0,0,0,torso,0,-1,0,,,,,,,,,,,,
r_arm_roll,0.0223009070371899,-0.0156950170222252,-0.0202307747728591,0,0,0,0.141493827146865,0.000160588534065391,-6.25733640993197E-06,-1.13236198591127E-05,0.000262566981459999,-3.1493041488675E-05,0.000236151535090871,0,0,0,0,0,0,package://biped_s4/meshes/r_arm_roll.STL,1,1,1,1,0,0,0,0,0,0,package://biped_s4/meshes/r_arm_roll.STL,,r_arm_roll-1,r_arm_roll_pitch_yaw,l_arm_roll_axis,r_arm_roll,continuous,0,0,0,0,0,0,r_arm_pitch,1,0,0,,,,,,,,,,,,
r_arm_yaw,-4.82749435399069E-05,-0.00525815062783946,-0.128821944854617,0,0,0,0.147794102819133,7.005759575547E-05,-6.81658260959138E-10,-2.69427064536621E-10,8.53612265336777E-05,-6.95899873075701E-06,8.82223899453284E-05,0,0,0,0,0,0,package://biped_s4/meshes/r_arm_yaw.STL,1,1,1,1,0,0,0,0,0,0,package://biped_s4/meshes/r_arm_yaw.STL,,r_arm_yaw-1,r_arm_roll_pitch_yaw,r_arm_yaw_axis,r_arm_yaw,continuous,0,0,0,0,0,0,r_arm_roll,0,0,-1,,,,,,,,,,,,
r_forearm_pitch,-0.000127232990745296,-0.00951602649232614,-0.052268755226349,0,0,0,0.17016472610201,9.55808447606902E-05,-4.53863489771543E-08,-5.41060583435907E-08,0.000126326373178393,9.40982665987161E-06,0.000121032474884238,0,0,0,0,0,0,package://biped_s4/meshes/r_forearm_pitch.STL,1,1,1,1,0,0,0,0,0,0,package://biped_s4/meshes/r_forearm_pitch.STL,,r_forearm_pitch-1,r_forearm_pitch,r_forearm_pitch_axis,r_forearm_pitch,continuous,0,0,-0.1636,0,0,0,r_arm_yaw,0,1,0,,,,,,,,,,,,
r_hand_yaw,-0.000112955483967687,-0.00974449526683929,0.0227958280839014,0,0,0,0.157334748658065,7.64922331363792E-05,8.75195261100849E-09,1.38703019538351E-08,0.000122230542206117,-1.1123944412365E-06,8.44929064837534E-05,0,0,0,0,0,0,package://biped_s4/meshes/r_hand_yaw.STL,1,1,1,1,0,0,0,0,0,0,package://biped_s4/meshes/r_hand_yaw.STL,,r_hand_yaw-1,r_hand_pitch_yaw,l_hand_yaw_axis,r_hand_yaw,continuous,0,0,-0.132050000118069,0,0,0,r_forearm_pitch,0,0,-1,,,,,,,,,,,,
r_hand_pitch,0.00735986990228201,-0.00475238307648407,-0.0529411193942666,0,0,0,0.0853891534309893,4.77321358097823E-05,-2.99709432812987E-06,4.71488437974189E-06,3.42470226388499E-05,4.61094199971348E-06,2.51299600072389E-05,0,0,0,0,0,0,package://biped_s4/meshes/r_hand_pitch.STL,1,1,1,1,0,0,0,0,0,0,package://biped_s4/meshes/r_hand_pitch.STL,,r_hand_pitch-1,r_hand_pitch_yaw,l_hand_pitch_axis,r_hand_pitch,continuous,0,0,0,0,0,0,r_hand_yaw,0,1,0,,,,,,,,,,,,
r_hand_roll,0.00300067727381764,-0.00948299721849261,-0.0665274119439575,0,0,0,0.151513451672293,9.14013694279149E-05,-3.00635383669835E-07,-4.88449841632957E-06,0.000140002484811824,-1.18898278478315E-05,0.000125153253041102,0,0,0,0,0,0,package://biped_s4/meshes/r_hand_roll.STL,1,1,1,1,0,0,0,0,0,0,package://biped_s4/meshes/r_hand_roll.STL,,r_hand_roll-1,r_hand_roll,r_hand_roll_axis,r_hand_roll,continuous,0,0,-0.0590000000076598,0,0,0,r_hand_pitch,1,0,0,,,,,,,,,,,,
r_thumb_proximal_yaw,0.0059016659387813,0.00373751061983887,0.00028087782921854,0,0,0,0.00177457706476174,5.51947770854431E-08,-3.05430802968252E-08,-8.9931290359755E-10,7.93062784538199E-08,-4.09905263561892E-10,9.86616855273956E-08,0,0,0,0,0,0,package://biped_s4/meshes/r_thumb_proximal_yaw.STL,1,1,1,0.25,0,0,0,0,0,0,package://biped_s4/meshes/r_thumb_proximal_yaw.STL,,r_thumb_proximal-1,r_thumb_proximal_yaw,r_thumb_proximal_yaw_axis,r_thumb_proximal_yaw,continuous,0.0240162583145044,0.0216278329431261,-0.110700000402968,0,0,0,r_hand_roll,0,0,1,,,,,,,,,,,,
r_thumb_distal_pitch,0.00835400525904937,-1.55022040249087E-06,-0.037205152988654,0,0,0,0.0143594976127551,7.15388296788212E-06,-6.69727355587774E-11,-2.03395160081791E-07,6.87910807838939E-06,5.44431164399722E-12,9.14755969331916E-07,0,0,0,0,0,0,package://biped_s4/meshes/r_thumb_distal_pitch.STL,1,1,1,1,0,0,0,0,0,0,package://biped_s4/meshes/r_thumb_distal_pitch.STL,,r_thumb_distal-1,r_thumb_distal_pitch,r_thumb_distal_pitch_axis,r_thumb_distal_pitch,continuous,0.0120000000000024,0.00650000000000001,0.00039999999999929,0,0,0,r_thumb_proximal_yaw,0,-1,0,,,,,,,,,,,,
r_index_proximal_finger,0.000117630091740083,-0.00210444255674574,-0.0171028308310166,0,0,0,0.00213737899371432,3.18602101869156E-07,-1.25362698289955E-09,2.18478331808027E-09,3.41870944894183E-07,-3.87179337852981E-08,9.68030538354866E-08,0,0,0,0,0,0,package://biped_s4/meshes/r_index_proximal_finger.STL,1,1,1,1,0,0,0,0,0,0,package://biped_s4/meshes/r_index_proximal_finger.STL,,r_index_proximal_finger-1,r_index_proximal_finger,r_index_proximal_roll_axis,r_index_proximal_finger,continuous,0.0285187933054979,-0.0039487923396026,-0.174730558860479,0,-0.0311675978215671,0,r_hand_roll,0.998506141360647,0.0546395979585406,0,,,,,,,,,,,,
r_index_distal_finger,-8.9232232394443E-05,0.00161946515080247,-0.0254573000709627,0,0,0,0.00504466012184763,7.63500198005666E-07,-8.93025400014092E-10,-1.75721366263703E-09,7.80112979178675E-07,3.23088054385963E-08,1.15370268537332E-07,0,0,0,0,0,0,package://biped_s4/meshes/r_index_distal_finger.STL,1,1,1,1,0,0,0,0,0,0,package://biped_s4/meshes/r_index_distal_finger.STL,,r_index_distal_finger-1,r_index_distal_finger,r_index_distal_roll_axis,r_index_distal_finger,continuous,0.000133519493595612,-0.00243998929947775,-0.0349145904281185,0,0,0,r_index_proximal_finger,-0.998506141360649,-0.0546395979585212,0,,,,,,,,,,,,
r_middle_proximal_finger,8.44813785091242E-08,-0.00270210141804927,-0.0207829698234612,0,0,0,0.00260456401479316,5.09608239447983E-07,-1.75029152849441E-12,1.79637389141395E-12,5.36695856290199E-07,-5.70433154945367E-08,1.25808948975584E-07,0,0,0,0,0,0,package://biped_s4/meshes/r_middle_proximal_finger.STL,1,1,1,1,0,0,0,0,0,0,package://biped_s4/meshes/r_middle_proximal_finger.STL,,r_middle_proximal_finger-1,r_middle_proximal_finger,r_middle_proximal_roll_axis,r_middle_proximal_finger,continuous,0.00751625831450465,-0.00820381922686125,-0.178435376742697,0,0,0,r_hand_roll,1,0,0,,,,,,,,,,,,
r_middle_distal_finger,-6.04521225378366E-07,0.00162350982710252,-0.025457191512641,0,0,0,0.00504466863846282,7.6345530976374E-07,1.85475490772791E-11,1.04892536633895E-11,7.80159403477418E-07,3.23975164550656E-08,1.15374581204344E-07,0,0,0,0,0,0,package://biped_s4/meshes/r_middle_distal_finger.STL,1,1,1,1,0,0,0,0,0,0,package://biped_s4/meshes/r_middle_distal_finger.STL,,r_middle_distal_finger-1,r_middle_distal_finger,r_middle_distal_roll_axis,r_middle_distal_finger,continuous,0,-0.00292977189725413,-0.0418976901109125,0,0,0,r_middle_proximal_finger,-1,0,0,,,,,,,,,,,,
r_ring_proximal_finger,-0.000147627677307374,-0.00269935568307084,-0.0207828027334272,0,0,0,0.00260456442916689,5.09688869653555E-07,1.47567826577373E-09,-3.11642075126123E-09,5.36608130664138E-07,-5.69836124932145E-08,1.25816010690367E-07,0,0,0,0,0,0,package://biped_s4/meshes/r_ring_proximal_finger.STL,1,1,1,1,0,0,0,0,0,0,package://biped_s4/meshes/r_ring_proximal_finger.STL,,r_ring_proximal_finger-1,r_ring_proximal_finger,r_ring_proximal_roll_axis,r_ring_proximal_finger,continuous,-0.0135862766764854,-0.00807856148813096,-0.176446661066022,0,0.0311675978215922,0,r_hand_roll,0.998506141360648,-0.0546395979585354,0,,,,,,,,,,,,
r_ring_distal_finger,-3.05447320099322E-05,-0.00055182982921842,-0.014581933967133,0,0,0,0.00182869050551967,2.6351019026747E-07,6.80589443443767E-10,3.40598850881854E-10,2.75942607379873E-07,6.18066814960194E-09,4.69846444924734E-08,0,0,0,0,0,0,package://biped_s4/meshes/r_ring_distal_finger.STL,1,1,1,1,0,0,0,0,0,0,package://biped_s4/meshes/r_ring_distal_finger.STL,,r_ring_distal_finger-1,r_ring_distal_finger,r_index_distal_roll_axis,r_ring_distal_finger,continuous,-0.000160223392313565,-0.00292798715935183,-0.0418975085136676,0,0,0,r_ring_proximal_finger,-0.996566833460806,-0.0546395979585212,-0.0622017747402293,,,,,,,,,,,,
r_pinky_proximal_finger,-0.000117692942698921,-0.00210238254136691,-0.0171031038120715,0,0,0,0.00213737106866596,3.18613658418781E-07,1.35743663351377E-09,-2.14595314636863E-09,3.4186844347216E-07,-3.86910999425676E-08,9.67934520226222E-08,0,0,0,0,0,0,package://biped_s4/meshes/r_pinky_proximal_finger.STL,1,1,1,1,0,0,0,0,0,0,package://biped_s4/meshes/r_pinky_proximal_finger.STL,,r_pinky_proximal_finger-1,r_pinky_proximal_finger,r_pinky_proximal_roll_axis,r_pinky_proximal_finger,continuous,-0.0342146631046227,-0.0036338733880803,-0.17022700803684,0,0.0659957839625563,0,r_hand_roll,0.998370307122331,-0.0570677654763477,0,,,,,,,,,,,,
r_pinky_distal_finger,-6.68864174628164E-05,-0.00079192546781276,-0.0127151268014948,0,0,0,0.00162993727561191,1.83853268460625E-07,6.36687597538947E-10,-4.24280859276174E-10,1.94697260253276E-07,1.38051635062388E-09,3.94676279750627E-08,0,0,0,0,0,0,package://biped_s4/meshes/r_pinky_distal_finger.STL,1,1,1,1,0,0,0,0,0,0,package://biped_s4/meshes/r_pinky_distal_finger.STL,,r_pinky_distal_finger-1,r_pinky_distal_finger,r_pinky_distal_roll_axis,r_pinky_distal_finger,continuous,-0.00013921709411558,-0.0024355292668054,-0.0349148795757724,0,0,0,r_pinky_proximal_finger,-0.99837030712233,0.0570677654763578,0,,,,,,,,,,,,
l_leg_roll,-0.0111795086275655,-0.000123216790510347,-0.00147074190276801,0,0,0,0.379425755318659,0.000304743319113934,2.41328374541978E-09,-1.61296145176274E-05,0.000772105186246157,3.0907410093387E-07,0.000961637403412868,0,0,0,0,0,0,package://biped_s4/meshes/l_leg_roll.STL,0.898039215686275,0.917647058823529,0.929411764705882,1,0,0,0,0,0,0,package://biped_s4/meshes/l_leg_roll.STL,,l_leg_roll-1,l_leg_roll_yaw,l_leg_roll_axis,l_leg_roll,continuous,-0.00254758231249262,0.0869999999999998,-0.0660000000049238,0,0,0,torso,-1,0,0,,,,,,,,,,,,
l_leg_yaw,-2.35778184911506E-05,0.0577682076207521,-0.10392916892987,0,0,0,1.02872204905725,0.00147762234552319,3.48522021395906E-07,-1.02364548668284E-06,0.00221142702466258,3.53567926230776E-05,0.00129984253622388,0,0,0,0,0,0,package://biped_s4/meshes/l_leg_yaw.STL,1,1,1,1,0,0,0,0,0,0,package://biped_s4/meshes/l_leg_yaw.STL,,l_leg_yaw-1,l_leg_roll_yaw,l_leg_yaw_axis,l_leg_yaw,continuous,0,0,0,0,0,0,l_leg_roll,0,0,1,,,,,,,,,,,,
l_leg_pitch,-0.00116946246395767,-0.0111797511086746,-0.100922218695529,0,0,0,2.07733552298511,0.00754206784620963,-6.36947831516095E-05,9.50196374296909E-05,0.0080254564240316,2.27150889792675E-05,0.00365753546634271,0,0,0,0,0,0,package://biped_s4/meshes/l_leg_pitch.STL,0.898039215686275,0.917647058823529,0.929411764705882,1,0,0,0,0,0,0,package://biped_s4/meshes/l_leg_pitch.STL,,l_leg_pitch-1,l_leg_pitch,l_leg_pitch_axis,l_leg_pitch,continuous,0,0.025450000000002,-0.123449999999999,0,0,0,l_leg_yaw,0,1,0,,,,,,,,,,,,
l_knee,0.0083741600267864,-1.38260606949159E-05,-0.140326741872988,0,0,0,1.44549322478963,0.0110280658461993,1.81936202585807E-05,-0.000324492332926834,0.0112829957777815,8.89496046204543E-05,0.000857506229386697,0,0,0,0,0,0,package://biped_s4/meshes/l_knee.STL,0.898039215686275,0.917647058823529,0.929411764705882,1,0,0,0,0,0,0,package://biped_s4/meshes/l_knee.STL,,l_knee-1,l_knee,l_knee_axis,l_knee,continuous,-0.010390161952608,0,-0.249783995753446,0,0,0,l_leg_pitch,0,1,0,,,,,,,,,,,,
l_foot_pitch,-1.81202114396539E-07,1.81203019034015E-07,2.55351295663786E-15,0,0,0,0.00680556727254332,5.13627197456046E-07,-2.23455328690084E-16,-2.99517054441959E-11,5.13627197456051E-07,-2.9487151330203E-11,9.09837232073045E-07,0,0,0,0,0,0,package://biped_s4/meshes/l_foot_pitch.STL,1,1,1,1,0,0,0,0,0,0,package://biped_s4/meshes/l_foot_pitch.STL,,l_foot_pitch-2,l_foot_roll_pitch,r_foot_pitch_axis,l_foot_pitch,continuous,0,0,-0.346000000000004,0,0,0,l_knee,0,1,0,,,,,,,,,,,,
l_foot_roll,0.00986618796288023,-8.14594069974139E-06,-0.0323276518433993,0,0,0,0.191216415778396,0.000129574142247561,1.87464188807015E-08,3.66139740707971E-06,0.00031519475110699,3.6373667328501E-09,0.000418024913490438,0,0,0,0,0,0,package://biped_s4/meshes/l_foot_roll.STL,1,1,1,1,0,0,0,0,0,0,package://biped_s4/meshes/l_foot_roll.STL,,l_foot_roll-4,l_foot_roll_pitch,l_foot_roll_axis,l_foot_roll,continuous,0,0,0,0,0,0,l_foot_pitch,-1,0,0,,,,,,,,,,,,
l_l_bar,-0.0172816853676534,0.00661593706645544,-2.76944701804727E-06,0,0,0,0.0241949120124394,3.02750710314275E-06,-1.66046577410115E-06,-1.20318411485415E-09,1.63403804389531E-05,-1.6175299289979E-10,1.40552885852523E-05,0,0,0,0,0,0,package://biped_s4/meshes/l_l_bar.STL,0.898039215686275,0.917647058823529,0.929411764705882,1,0,0,0,0,0,0,package://biped_s4/meshes/l_l_bar.STL,,l_l_bar-1,l_l_bar,l_l_bar_axis,l_l_bar,continuous,0,0.0260000000000038,-0.09,0,0,0,l_knee,0,1,0,,,,,,,,,,,,
l_l_tendon,0.000909568327568541,-0.00107382534052314,-0.116411596117355,0,0,0,0.0723259128251804,0.00040704088500347,1.27056915128903E-09,3.16090323841034E-06,0.000405860828607296,-1.63249540748846E-07,2.48972857907671E-06,0,0,0,0,0,0,package://biped_s4/meshes/l_l_tendon.STL,0.898039215686275,0.917647058823529,0.929411764705882,1,0,0,0,0,0,0,package://biped_s4/meshes/l_l_tendon.STL,,l_l_tendon-1,l_l_tendon_pitch,l_l_tendon_pitch_axis,l_l_tendon,continuous,-0.0579999994738184,0,0,0,0,0,l_l_bar,0,-1,0,,,,,,,,,,,,
l_r_bar,-0.0172816853849475,-0.00661593706803836,-2.64615120038059E-06,0,0,0,0.0241949120152251,3.02750743240102E-06,1.6604657435466E-06,-2.25261355073722E-09,1.63403804403762E-05,3.58590401955966E-10,1.40552882575403E-05,0,0,0,0,0,0,package://biped_s4/meshes/l_r_bar.STL,0.898039215686275,0.917647058823529,0.929411764705882,1,0,0,0,0,0,0,package://biped_s4/meshes/l_r_bar.STL,,l_r_bar-1,l_r_bar,l_r_bar_axis,l_r_bar,continuous,0,-0.0259999999999997,-0.153,0,0,0,l_knee,0,1,0,,,,,,,,,,,,
l_r_tendon,0.000886522110566654,0.00109368372663839,-0.0855352996218761,0,0,0,0.0569965302460466,0.000181298310457033,-1.2618085713137E-09,1.85864592856586E-06,0.000180444607519788,1.22245058012766E-07,1.97355040670682E-06,0,0,0,0,0,0,package://biped_s4/meshes/l_r_tendon.STL,0.898039215686275,0.917647058823529,0.929411764705882,1,0,0,0,0,0,0,package://biped_s4/meshes/l_r_tendon.STL,,l_r_tendon-1,l_r_tendon_pitch,l_r_tendon_pitch_axis,l_r_tendon,continuous,-0.0579999990742142,0,-1.03629629222279E-05,0,0,0,l_r_bar,0,1,0,,,,,,,,,,,,
r_leg_roll,-0.0111795086275655,-0.00012321679051229,-0.00147074190276808,0,0,0,0.379425755318659,0.000304743319113934,2.41328374498631E-09,-1.61296145176275E-05,0.000772105186246157,3.09074100933868E-07,0.000961637403412867,0,0,0,0,0,0,package://biped_s4/meshes/r_leg_roll.STL,0.898039215686275,0.917647058823529,0.929411764705882,1,0,0,0,0,0,0,package://biped_s4/meshes/r_leg_roll.STL,,r_leg_roll-1,r_leg_roll_yaw,l_leg_roll_axis,r_leg_roll,continuous,-0.00254758231249268,-0.0870000000000003,-0.0660000000049238,0,0,0,torso,-1,0,0,,,,,,,,,,,,
r_leg_yaw,2.357781872672E-05,-0.0577682076211163,-0.103929168930567,0,0,0,1.0287220490755,0.00147762234553187,3.48522018944965E-07,1.02364547910872E-06,0.00221142702467772,-3.53567926256051E-05,0.0012998425362321,0,0,0,0,0,0,package://biped_s4/meshes/r_leg_yaw.STL,0.898039215686275,0.917647058823529,0.929411764705882,1,0,0,0,0,0,0,package://biped_s4/meshes/r_leg_yaw.STL,,r_leg_yaw-1,r_leg_roll_yaw,r_leg_yaw_axis,r_leg_yaw,continuous,0,0,0,0,0,0,r_leg_roll,0,0,1,,,,,,,,,,,,
r_leg_pitch,-0.00107074781786857,0.0113653015494495,-0.100928316961028,0,0,0,2.07085782779867,0.00754810936808965,6.16442740988069E-05,9.78194176173465E-05,0.00803347926141846,-1.93677766573902E-05,0.00366288112623837,0,0,0,0,0,0,package://biped_s4/meshes/r_leg_pitch.STL,0.898039215686275,0.917647058823529,0.929411764705882,1,0,0,0,0,0,0,package://biped_s4/meshes/r_leg_pitch.STL,,r_leg_pitch-1,r_leg_pitch,r_leg_pitch_axis,r_leg_pitch,continuous,0,-0.0254500000000034,-0.123449999999998,0,0,0,r_leg_yaw,0,-1,0,,,,,,,,,,,,
r_knee,0.00837373211182327,1.48731646985867E-05,-0.140326343912049,0,0,0,1.44559496374997,0.0110283914420998,-1.8192089906164E-05,-0.000324488080960638,0.0112832978117942,-8.89800157972667E-05,0.000857552225943839,0,0,0,0,0,0,package://biped_s4/meshes/r_knee.STL,0.898039215686275,0.917647058823529,0.929411764705882,1,0,0,0,0,0,0,package://biped_s4/meshes/r_knee.STL,,r_knee-1,r_knee,r_knee_axis,r_knee,continuous,-0.0103901619526017,0,-0.249783995753447,0,0,0,r_leg_pitch,0,1,0,,,,,,,,,,,,
r_foot_pitch,-1.81202915693068E-07,-1.8120290991297E-07,-1.11022302462516E-16,0,0,0,0.00680556727254334,5.1362719745605E-07,2.23455634819957E-16,2.94871513298561E-11,5.13627197456048E-07,-2.99517054444867E-11,9.09837232073047E-07,0,0,0,0,0,0,package://biped_s4/meshes/r_foot_pitch.STL,1,1,1,1,0,0,0,0,0,0,package://biped_s4/meshes/r_foot_pitch.STL,,r_foot_pitch-1,r_foot_roll_pitch,r_foot_pitch_axis,r_foot_pitch,continuous,0,0,-0.346000000000011,0,0,0,r_knee,0,1,0,,,,,,,,,,,,
r_foot_roll,0.00986618796136205,-8.14593967402022E-06,-0.0323276518432604,0,0,0,0.191216415784818,0.000129574142254521,1.87464121722709E-08,3.66139740707072E-06,0.000315194751113542,3.63736673340889E-09,0.000418024913503948,0,0,0,0,0,0,package://biped_s4/meshes/r_foot_roll.STL,1,1,1,1,0,0,0,0,0,0,package://biped_s4/meshes/r_foot_roll.STL,,r_foot_roll-1,r_foot_roll_pitch,r_foot_roll_axis,r_foot_roll,continuous,0,0,0,0,0,0,r_foot_pitch,-1,0,0,,,,,,,,,,,,
r_l_bar,-0.0172817197891674,0.00661593007898401,-2.62659521566011E-06,0,0,0,0.024194868521807,3.02750105000845E-06,-1.660462011957E-06,-2.26263763997994E-09,1.63403563617254E-05,-3.60623187499015E-10,1.40552690387785E-05,0,0,0,0,0,0,package://biped_s4/meshes/r_l_bar.STL,1,1,1,1,0,0,0,0,0,0,package://biped_s4/meshes/r_l_bar.STL,,r_l_bar-1,r_l_bar,r_l_bar_axis,r_l_bar,continuous,0,0.0260000000000006,-0.153,0,0,0,r_knee,0,-1,0,,,,,,,,,,,,
r_l_tendon,0.000886324976226871,-0.00109368357791272,-0.0855353050799796,0,0,0,0.0569965408399269,0.000181298314199638,1.27188417098493E-09,1.85852673262209E-06,0.000180444608806018,-1.22244873486873E-07,1.97354797583381E-06,0,0,0,0,0,0,package://biped_s4/meshes/r_l_tendon.STL,0.898039215686275,0.917647058823529,0.929411764705882,1,0,0,0,0,0,0,package://biped_s4/meshes/r_l_tendon.STL,,r_l_tendon-1,r_l_tendon_pitch,r_l_tendon_pitch_axis,r_l_tendon,continuous,-0.0579999990740259,0,-1.03629629334412E-05,0,0,0,r_l_bar,0,-1,0,,,,,,,,,,,,
r_r_bar,-0.0172817197497915,-0.00661593008217129,-2.78900612493693E-06,0,0,0,0.0241948685412603,3.02750071689725E-06,1.660462045007E-06,-1.19315999207711E-09,1.63403563701857E-05,1.5971995906495E-10,1.40552693810574E-05,0,0,0,0,0,0,package://biped_s4/meshes/r_r_bar.STL,1,1,1,1,0,0,0,0,0,0,package://biped_s4/meshes/r_r_bar.STL,,r_r_bar-1,r_r_bar,r_r_bar_axis,r_r_bar,continuous,0,-0.0259999999999875,-0.09,0,0,0,r_knee,0,-1,0,,,,,,,,,,,,
r_r_tendon,0.000909568646152159,0.00107382567784425,-0.116411590425347,0,0,0,0.0723258922185488,0.000407040881611255,-1.27054222067275E-09,3.16090353002897E-06,0.000405860825202462,1.63249841460774E-07,2.48972853360267E-06,0,0,0,0,0,0,package://biped_s4/meshes/r_r_tendon.STL,0.898039215686275,0.917647058823529,0.929411764705882,1,0,0,0,0,0,0,package://biped_s4/meshes/r_r_tendon.STL,,r_r_tendon-1,r_r_tendon_pitch,r_r_tendon_pitch_axis,r_r_tendon,continuous,-0.0579999994737613,0,0,0,0,0,r_r_bar,0,1,0,,,,,,,,,,,,
head_yaw,-0.000116065796709811,0.00341283230689319,-0.00762227943283844,0,0,0,0.0876587232040551,5.29184226374934E-05,-5.55749298909931E-08,2.93674313773846E-07,7.69981959753033E-05,-9.22993448844536E-06,5.31017800814282E-05,0,0,0,0,0,0,package://biped_s4/meshes/head_yaw.STL,1,1,1,1,0,0,0,0,0,0,package://biped_s4/meshes/head_yaw.STL,,head_yaw-1,head_pitch_yaw,head_yaw_axis,head_yaw,continuous,-0.0175475823124929,0,0.499400000000373,0,0,0,torso,0,0,-1,,,,,,,,,,,,
head_pitch,0.0108076765997382,-0.00100494759438114,0.0523165975702757,0,0,0,0.348142076778321,0.000904070873567589,1.57558780381555E-06,0.000295083531658369,0.000957585537827452,-9.61289176090918E-06,0.00114051835139601,0,0,0,0,0,0,package://biped_s4/meshes/head_pitch.STL,1,1,1,1,0,0,0,0,0,0,package://biped_s4/meshes/head_pitch.STL,,head_pitch-1,head_pitch_yaw,Axis_head_pitch,head_pitch,fixed,0,0,0,0,0,0,head_yaw,-0.026405,-0.99802,0.057065,,,,,,,,,,,,
