Link Name,Center of Mass X,Center of Mass Y,Center of Mass Z,Center of Mass Roll,Center of Mass Pitch,Center of Mass Yaw,Mass,Moment Ixx,Moment Ixy,Moment Ixz,Moment Iyy,Moment Iyz,Moment Izz,Visual X,Visual Y,Visual Z,Visual Roll,Visual Pitch,Visual Yaw,Mesh Filename,Color Red,Color Green,Color Blue,Color Alpha,Collision X,Collision Y,Collision Z,Collision Roll,Collision Pitch,Collision Yaw,Collision Mesh Filename,Material Name,SW Components,Coordinate System,Axis Name,Joint Name,Joint Type,Joint Origin X,Joint Origin Y,Joint Origin Z,Joint Origin Roll,Joint Origin Pitch,Joint Origin Yaw,Parent,Joint Axis X,Joint Axis Y,Joint Axis Z,Limit Effort,Limit Velocity,Limit Lower,Limit Upper,Calibration rising,Calibration falling,Dynamics Damping,Dynamics Friction,Safety Soft Upper,Safety Soft Lower,Safety K Position,Safety K Velocity
base_link,-0.0131642143292668,-0.00101855461920026,0.120968817067497,0,0,0,17.7538790248349,0.109513413578879,-3.84263402985455E-06,0.00207222923626091,0.0639718644540958,5.94596039827144E-06,0.0796086142464904,0,0,0,0,0,0,package://biped_gen4.0/meshes/base_link.STL,0.898039215686275,0.917647058823529,0.929411764705882,1,0,0,0,0,0,0,package://biped_gen4.0/meshes/base_link.STL,,torso-1,base_link,,,,0,0,0,0,0,0,,0,0,0,,,,,,,,,,,,
l_arm_pitch,0.0146835191418715,-0.0166604103758634,-6.82857133371129E-05,0,0,0,0.165847319965906,0.0002674432873971,-2.5654089149164E-05,-1.72966133127553E-07,0.000125796784291983,-1.66717296343013E-06,0.000196186976742156,0,0,0,0,0,0,package://biped_gen4.0/meshes/l_arm_pitch.STL,1,1,1,1,0,0,0,0,0,0,package://biped_gen4.0/meshes/l_arm_pitch.STL,,l_arm_pitch-1,l_arm_roll_pitch_yaw,l_arm_pitch_axis,l_arm_pitch,continuous,-0.0175475823124921,0.254700000000031,0.324500000000024,0,0,0,base_link,0,-1,0,,,,,,,,,,,,
l_arm_roll,0.0222872651779299,0.0156945544195473,-0.0202262244341484,0,0,0,0.141426581413056,0.000160370067223081,6.30811840859269E-06,-1.13259246453495E-05,0.000262365778589962,3.14941259087024E-05,0.00023601403628197,0,0,0,0,0,0,package://biped_gen4.0/meshes/l_arm_roll.STL,1,1,1,1,0,0,0,0,0,0,package://biped_gen4.0/meshes/l_arm_roll.STL,,l_arm_roll-2,l_arm_roll_pitch_yaw,l_arm_roll_axis,l_arm_roll,continuous,0,0,0,0,0,0,l_arm_pitch,1,0,0,,,,,,,,,,,,
l_arm_yaw,6.16940440451783E-05,0.00525815062784063,-0.128821944854616,0,0,0,0.147794102819133,7.00575957554699E-05,-6.81658291272877E-10,2.69427050743199E-10,8.53612265336777E-05,6.95899873075699E-06,8.82223899453285E-05,0,0,0,0,0,0,package://biped_gen4.0/meshes/l_arm_yaw.STL,1,1,1,1,0,0,0,0,0,0,package://biped_gen4.0/meshes/l_arm_yaw.STL,,l_arm_yaw-1,l_arm_roll_pitch_yaw,l_arm_yaw_axis,l_arm_yaw,continuous,0,0,0,0,0,0,l_arm_roll,0,0,-1,,,,,,,,,,,,
l_forearm_pitch,-1.4281929799409E-05,0.00938313949959718,-0.0522687552263489,0,0,0,0.170164726102009,9.558084476069E-05,-4.53863490387433E-08,5.39342118513253E-08,0.000126326373178391,-9.58160032696958E-06,0.000121032474884238,0,0,0,0,0,0,package://biped_gen4.0/meshes/l_forearm_pitch.STL,1,1,1,1,0,0,0,0,0,0,package://biped_gen4.0/meshes/l_forearm_pitch.STL,,l_forearm_pitch-1,l_forearm_pitch,l_forearm_pitch_axis,l_forearm_pitch,continuous,0,0,-0.163599999999998,0,0,0,l_arm_yaw,0,-1,0,,,,,,,,,,,,
l_hand_yaw,0.000113133463122583,0.00969227839919062,0.0817960696431681,0,0,0,0.157336288737043,7.64923984145487E-05,8.51098127601464E-09,-1.4070355859132E-08,0.000122231132554914,1.11226968994633E-06,8.44935061342021E-05,0,0,0,0,0,0,package://biped_gen4.0/meshes/l_hand_yaw.STL,1,1,1,1,0,0,0,0,0,0,package://biped_gen4.0/meshes/l_hand_yaw.STL,,l_hand_yaw-1,l_hand_roll_pitch_yaw,l_hand_yaw_axis,l_hand_yaw,continuous,0,0,-0.191049997298861,0,0,0,l_forearm_pitch,0,0,-1,,,,,,,,,,,,
l_hand_pitch,0.00810609786663821,0.00489663150092601,0.00622488608908427,0,0,0,0.0853891779246004,4.77321490368476E-05,3.05261917457107E-06,4.77827164947654E-06,3.43814769749139E-05,-4.59311499587155E-06,2.49955336560135E-05,0,0,0,0,0,0,package://biped_gen4.0/meshes/l_hand_pitch.STL,1,1,1,1,0,0,0,0,0,0,package://biped_gen4.0/meshes/l_hand_pitch.STL,,l_hand_pitch-1,l_hand_roll_pitch_yaw,l_hand_pitch_axis,l_hand_pitch,continuous,0,0,0,0,0,0,l_hand_yaw,0,1,0,,,,,,,,,,,,
l_hand_roll,0.0055750097939089,0.00647363667890594,-0.0826245715087526,0,0,0,0.156748589916411,8.04371746531483E-05,2.770174858381E-07,-4.63354764745673E-06,0.000116536814280971,1.04534418501281E-05,0.000111690600253046,0,0,0,0,0,0,package://biped_gen4.0/meshes/l_hand_roll.STL,1,1,1,1,0,0,0,0,0,0,package://biped_gen4.0/meshes/l_hand_roll.STL,,l_hand_roll-1,l_hand_roll_pitch_yaw,l_hand_roll_axis,l_hand_roll,continuous,0,0,0,0,0,0,l_hand_pitch,1,0,0,,,,,,,,,,,,
r_arm_pitch,0.0146743511434554,0.0168298008224051,-8.16711977456031E-05,0,0,0,0.165729466195453,0.000267364314112701,2.58822573731612E-05,-1.74450019197634E-07,0.000125724274127356,1.71810516637517E-06,0.000196179895851995,0,0,0,0,0,0,package://biped_gen4.0/meshes/r_arm_pitch.STL,1,1,1,1,0,0,0,0,0,0,package://biped_gen4.0/meshes/r_arm_pitch.STL,,r_arm_pitch-1,r_arm_roll_pitch_yaw,r_arm_pitch_axis,r_arm_pitch,continuous,-0.0175475823119764,-0.254700000000003,0.324500000000024,0,0,0,base_link,0,-1,0,,,,,,,,,,,,
r_arm_roll,0.0223009070030529,-0.0156950170482436,-0.0202307747650334,0,0,0,0.141493827304592,0.00016058853411588,-6.25733649402466E-06,-1.13236198708706E-05,0.000262566981542989,-3.14930415013909E-05,0.000236151535262186,0,0,0,0,0,0,package://biped_gen4.0/meshes/r_arm_roll.STL,1,1,1,1,0,0,0,0,0,0,package://biped_gen4.0/meshes/r_arm_roll.STL,,r_arm_roll-1,r_arm_roll_pitch_yaw,l_arm_roll_axis,r_arm_roll,continuous,0,0,0,0,0,0,r_arm_pitch,1,0,0,,,,,,,,,,,,
r_arm_yaw,-4.82749435400213E-05,-0.0052581506278393,-0.128821944854617,0,0,0,0.147794102819133,7.00575957554697E-05,-6.81658260938682E-10,-2.69427064597612E-10,8.53612265336775E-05,-6.95899873075696E-06,8.82223899453284E-05,0,0,0,0,0,0,package://biped_gen4.0/meshes/r_arm_yaw.STL,1,1,1,1,0,0,0,0,0,0,package://biped_gen4.0/meshes/r_arm_yaw.STL,,r_arm_yaw-1,r_arm_roll_pitch_yaw,r_arm_yaw_axis,r_arm_yaw,continuous,0,0,0,0,0,0,r_arm_roll,0,0,-1,,,,,,,,,,,,
r_forearm_pitch,-0.000127232990745116,-0.00951602649232586,-0.0522687552263488,0,0,0,0.170164726102011,9.55808447606916E-05,-4.53863489774233E-08,-5.41060583443891E-08,0.000126326373178394,9.40982665987077E-06,0.00012103247488424,0,0,0,0,0,0,package://biped_gen4.0/meshes/r_forearm_pitch.STL,1,1,1,1,0,0,0,0,0,0,package://biped_gen4.0/meshes/r_forearm_pitch.STL,,r_forearm_pitch-1,r_forearm_pitch,r_forearm_pitch_axis,r_forearm_pitch,continuous,0,0,-0.1636,0,0,0,r_arm_yaw,0,1,0,,,,,,,,,,,,
r_hand_yaw,-0.000113133331993445,-0.0097448351680483,0.0817960724173413,0,0,0,0.157336288734482,7.64923982725728E-05,8.51115986496426E-09,1.40703608309957E-08,0.000122231132626729,-1.11226978982942E-06,8.44935061081861E-05,0,0,0,0,0,0,package://biped_gen4.0/meshes/r_hand_yaw.STL,1,1,1,1,0,0,0,0,0,0,package://biped_gen4.0/meshes/r_hand_yaw.STL,,r_forearm_yaw-1,r_hand_roll_pitch_yaw,l_hand_yaw_axis,r_hand_yaw,continuous,0,0,-0.191050000125729,0,0,0,r_forearm_pitch,0,0,-1,,,,,,,,,,,,
r_hand_pitch,0.00735986990228184,-0.0047523802551166,0.00605888061339196,0,0,0,0.0853891534309893,4.77321358097824E-05,-2.99709432812988E-06,4.71488437974188E-06,3.42470226388499E-05,4.61094199971347E-06,2.51299600072388E-05,0,0,0,0,0,0,package://biped_gen4.0/meshes/r_hand_pitch.STL,1,1,1,1,0,0,0,0,0,0,package://biped_gen4.0/meshes/r_hand_pitch.STL,,r_hand_pitch-1,r_hand_roll_pitch_yaw,l_hand_pitch_axis,r_hand_pitch,continuous,0,0,0,0,0,0,r_hand_yaw,0,1,0,,,,,,,,,,,,
r_hand_roll,0.0045944493552252,-0.00586927010446042,-0.0836324643988434,0,0,0,0.305839717252105,0.000160651543151659,-5.37963063503334E-07,-9.47669219939636E-06,0.000229393712149694,-2.08351527945055E-05,0.000219277776699058,0,0,0,0,0,0,package://biped_gen4.0/meshes/r_hand_roll.STL,1,1,1,1,0,0,0,0,0,0,package://biped_gen4.0/meshes/r_hand_roll.STL,,r_hand_roll-1,r_hand_roll_pitch_yaw,r_hand_roll_axis,r_hand_roll,continuous,0,0,0,0,0,0,r_hand_pitch,1,0,0,,,,,,,,,,,,
l_leg_roll,-0.0111795086275655,-0.000123216790510347,-0.00147074190276802,0,0,0,0.379425755318659,0.000304743319113934,2.4132837454244E-09,-1.61296145176274E-05,0.000772105186246157,3.09074100933869E-07,0.000961637403412868,0,0,0,0,0,0,package://biped_gen4.0/meshes/l_leg_roll.STL,0.898039215686275,0.917647058823529,0.929411764705882,1,0,0,0,0,0,0,package://biped_gen4.0/meshes/l_leg_roll.STL,,l_leg_roll-1,l_leg_roll_yaw,l_leg_roll_axis,l_leg_roll,continuous,-0.00254758231249262,0.0869999999999998,-0.0660000000049238,0,0,0,base_link,-1,0,0,,,,,,,,,,,,
l_leg_yaw,-2.35778187231833E-05,0.057768207621115,-0.103929168930568,0,0,0,1.02872204907551,0.00147762234553187,3.48522018944733E-07,-1.02364547910938E-06,0.00221142702467773,3.53567926256054E-05,0.00129984253623211,0,0,0,0,0,0,package://biped_gen4.0/meshes/l_leg_yaw.STL,0.898039215686275,0.917647058823529,0.929411764705882,1,0,0,0,0,0,0,package://biped_gen4.0/meshes/l_leg_yaw.STL,,l_leg_yaw-1,l_leg_roll_yaw,l_leg_yaw_axis,l_leg_yaw,continuous,0,0,0,0,0,0,l_leg_roll,0,0,1,,,,,,,,,,,,
l_leg_pitch,-0.0011694981769614,-0.0111795531459182,-0.100922019310959,0,0,0,2.07734202580432,0.00754223938877161,-6.36664694004238E-05,9.50657330070212E-05,0.00802559652114804,2.26343904239653E-05,0.00365760255777358,0,0,0,0,0,0,package://biped_gen4.0/meshes/l_leg_pitch.STL,0.898039215686275,0.917647058823529,0.929411764705882,1,0,0,0,0,0,0,package://biped_gen4.0/meshes/l_leg_pitch.STL,,l_leg_pitch-1,l_leg_pitch,l_leg_pitch_axis,l_leg_pitch,continuous,0,0.025450000000002,-0.123449999999999,0,0,0,l_leg_yaw,0,1,0,,,,,,,,,,,,
l_knee,0.00837415991732178,-1.3826294958233E-05,-0.140326741489414,0,0,0,1.44549323664959,0.0110280659232287,1.8193609650388E-05,-0.000324492301007134,0.011282995858641,8.89496315136456E-05,0.000857506252874573,0,0,0,0,0,0,package://biped_gen4.0/meshes/l_knee.STL,0.898039215686275,0.917647058823529,0.929411764705882,1,0,0,0,0,0,0,package://biped_gen4.0/meshes/l_knee.STL,,l_knee-1,l_knee,l_knee_axis,l_knee,continuous,-0.010390161952608,0,-0.249783995753446,0,0,0,l_leg_pitch,0,1,0,,,,,,,,,,,,
l_foot_pitch,-1.81202930832E-07,1.81202930812918E-07,0,0,0,0,0.00680556727254332,5.13627197456046E-07,-2.2345571221277E-16,-2.99517054444242E-11,5.13627197456051E-07,-2.94871513305291E-11,9.09837232073046E-07,0,0,0,0,0,0,package://biped_gen4.0/meshes/l_foot_pitch.STL,1,1,1,1,0,0,0,0,0,0,package://biped_gen4.0/meshes/l_foot_pitch.STL,,l_foot_pitch-2,l_foot_roll_pitch,l_foot_pitch_axis,l_foot_pitch,continuous,0,0,-0.346000000000004,0,0,0,l_knee,0,1,0,,,,,,,,,,,,
l_foot_roll,0.00786618796284637,-8.14594110543077E-06,-0.0323276518434055,0,0,0,0.191216415778231,0.000129574142247383,1.87464190291419E-08,3.6613974070797E-06,0.000315194751106857,3.63736673242767E-09,0.000418024913490127,0,0,0,0,0,0,package://biped_gen4.0/meshes/l_foot_roll.STL,1,1,1,1,0,0,0,0,0,0,package://biped_gen4.0/meshes/l_foot_roll.STL,,l_foot_roll-4,l_foot_roll_pitch,l_foot_roll_axis,l_foot_roll,continuous,0,0,0,0,0,0,l_foot_pitch,-1,0,0,,,,,,,,,,,,
l_l_bar_y,-0.0172816855836413,0.00661593706720379,-4.41598945299937E-07,0,0,0,0.024194912013638,3.02750697926575E-06,-1.66046578095266E-06,2.82260658835769E-10,1.6340380439564E-05,6.19121181411221E-11,1.40552887097951E-05,0,0,0,0,0,0,package://biped_gen4.0/meshes/l_l_bar_y.STL,0.898039215686275,0.917647058823529,0.929411764705882,1,0,0,0,0,0,0,package://biped_gen4.0/meshes/l_l_bar_y.STL,,l_l_bar-1,l_l_bar,l_l_bar_axis,l_l_bar_y,continuous,0,0.0260000000000038,-0.09,0,0,0,l_knee,0,1,0,,,,,,,,,,,,
l_l_tendon,7.50976433122608E-08,-0.00107382527336489,-0.116415150677104,0,0,0,0.0723259190697974,0.000407065580992204,-4.8491589649146E-12,5.8706757975535E-11,0.000405860828842815,-1.63254460253815E-07,2.46503282882307E-06,0,0,0,0,0,0,package://biped_gen4.0/meshes/l_l_tendon.STL,0.898039215686275,0.917647058823529,0.929411764705882,1,0,0,0,0,0,0,package://biped_gen4.0/meshes/l_l_tendon.STL,,l_l_tendon-1,l_l_tendon_pitch,l_l_tendon_pitch_axis,l_l_tendon,continuous,-0.0579999999999961,0,0,0,0,0,l_l_bar_y,0,-1,0,,,,,,,,,,,,
l_r_bar,-0.0172816855836293,-0.0066159370672273,4.41598937306331E-07,0,0,0,0.0241949120136365,3.02750697926557E-06,1.66046578095259E-06,-2.82260658798909E-10,1.63403804395638E-05,6.19121181994065E-11,1.4055288709795E-05,0,0,0,0,0,0,package://biped_gen4.0/meshes/l_r_bar.STL,0.898039215686275,0.917647058823529,0.929411764705882,1,0,0,0,0,0,0,package://biped_gen4.0/meshes/l_r_bar.STL,,l_r_bar-1,l_r_bar,l_r_bar_axis,l_r_bar,continuous,0,-0.0259999999999997,-0.153,0,0,0,l_knee,0,1,0,,,,,,,,,,,,
l_r_tendon,9.88746583913125E-08,0.00109368385284707,-0.0855398908076652,0,0,0,0.0569965201570474,0.000181317571889253,5.04945898327747E-12,5.97733856535807E-11,0.000180444606724358,1.22251624208646E-07,1.95428817890955E-06,0,0,0,0,0,0,package://biped_gen4.0/meshes/l_r_tendon.STL,0.898039215686275,0.917647058823529,0.929411764705882,1,0,0,0,0,0,0,package://biped_gen4.0/meshes/l_r_tendon.STL,,l_r_tendon-1,l_r_tendon_pitch,l_r_tendon_pitch_axis,l_r_tendon,continuous,-0.0579999999999935,0,0,0,0,0,l_r_bar,0,1,0,,,,,,,,,,,,
r_leg_roll,-0.0111795086275655,-0.00012321679051229,-0.00147074190276809,0,0,0,0.379425755318659,0.000304743319113934,2.41328374497633E-09,-1.61296145176275E-05,0.000772105186246158,3.09074100933869E-07,0.000961637403412868,0,0,0,0,0,0,package://biped_gen4.0/meshes/r_leg_roll.STL,0.898039215686275,0.917647058823529,0.929411764705882,1,0,0,0,0,0,0,package://biped_gen4.0/meshes/r_leg_roll.STL,,r_leg_roll-1,r_leg_roll_yaw,l_leg_roll_axis,r_leg_roll,continuous,-0.00254758231249268,-0.0870000000000003,-0.0660000000049238,0,0,0,base_link,-1,0,0,,,,,,,,,,,,
r_leg_yaw,2.35778187267122E-05,-0.0577682076211163,-0.103929168930567,0,0,0,1.0287220490755,0.00147762234553187,3.48522018945005E-07,1.02364547910872E-06,0.00221142702467772,-3.5356792625605E-05,0.0012998425362321,0,0,0,0,0,0,package://biped_gen4.0/meshes/r_leg_yaw.STL,0.898039215686275,0.917647058823529,0.929411764705882,1,0,0,0,0,0,0,package://biped_gen4.0/meshes/r_leg_yaw.STL,,r_leg_yaw-1,r_leg_roll_yaw,r_leg_yaw_axis,r_leg_yaw,continuous,0,0,0,0,0,0,r_leg_roll,0,0,1,,,,,,,,,,,,
r_leg_pitch,-0.00107020326176506,0.0113648232369035,-0.100928233384041,0,0,0,2.07088390013711,0.00754830078233489,6.16605286514658E-05,9.77706972521779E-05,0.00803364959051972,-1.93085998051274E-05,0.00366293826971374,0,0,0,0,0,0,package://biped_gen4.0/meshes/r_leg_pitch.STL,0.898039215686275,0.917647058823529,0.929411764705882,1,0,0,0,0,0,0,package://biped_gen4.0/meshes/r_leg_pitch.STL,,r_leg_pitch-1,r_leg_pitch,r_leg_pitch_axis,r_leg_pitch,continuous,0,-0.0254500000000034,-0.123449999999998,0,0,0,r_leg_yaw,0,-1,0,,,,,,,,,,,,
r_knee,0.00837373211586944,1.48731434937988E-05,-0.140326343934617,0,0,0,1.44559496259536,0.0110283914378026,-1.81920907614259E-05,-0.000324488082680737,0.0112832978074819,-8.89800140166474E-05,0.000857552224208578,0,0,0,0,0,0,package://biped_gen4.0/meshes/r_knee.STL,0.898039215686275,0.917647058823529,0.929411764705882,1,0,0,0,0,0,0,package://biped_gen4.0/meshes/r_knee.STL,,r_knee-1,r_knee,r_knee_axis,r_knee,continuous,-0.0103901619526017,0,-0.249783995753447,0,0,0,r_leg_pitch,0,1,0,,,,,,,,,,,,
r_foot_pitch,-1.81202926713767E-07,-1.81202930812918E-07,1.11022302462516E-16,0,0,0,0.00680556727254334,5.1362719745605E-07,2.2345565786124E-16,2.9487151330554E-11,5.13627197456047E-07,-2.99517054442681E-11,9.09837232073046E-07,0,0,0,0,0,0,package://biped_gen4.0/meshes/r_foot_pitch.STL,1,1,1,1,0,0,0,0,0,0,package://biped_gen4.0/meshes/r_foot_pitch.STL,,r_foot_pitch-1,r_foot_roll_pitch,r_foot_pitch_axis,r_foot_pitch,continuous,0,0,-0.345999999999999,0,0,0,r_knee,0,1,0,,,,,,,,,,,,
r_foot_roll,0.00786618796128613,-8.14594000766999E-06,-0.0323276518432707,0,0,0,0.19121641578482,0.000129574142254522,1.87464121723204E-08,3.66139740707046E-06,0.000315194751113543,3.63736673345242E-09,0.000418024913503951,0,0,0,0,0,0,package://biped_gen4.0/meshes/r_foot_roll.STL,1,1,1,1,0,0,0,0,0,0,package://biped_gen4.0/meshes/r_foot_roll.STL,,r_foot_roll-1,r_foot_roll_pitch,r_foot_roll_axis,r_foot_roll,continuous,0,0,0,0,0,0,r_foot_pitch,-1,0,0,,,,,,,,,,,,
r_l_bar,-0.0172817199747868,0.00661593008078076,4.61156707043386E-07,0,0,0,0.0241948685329019,3.02750059467426E-06,-1.6604620507784E-06,-2.92284767564349E-10,1.63403563665509E-05,-6.3945045287444E-11,1.40552694993396E-05,0,0,0,0,0,0,package://biped_gen4.0/meshes/r_l_bar.STL,1,1,1,1,0,0,0,0,0,0,package://biped_gen4.0/meshes/r_l_bar.STL,,r_l_bar-1,r_l_bar,r_l_bar_axis,r_l_bar,continuous,0,0.0260000000000006,-0.153,0,0,0,r_knee,0,-1,0,,,,,,,,,,,,
r_l_tendon,-9.88747644453669E-08,-0.00109368385287011,-0.0855398908076592,0,0,0,0.0569965201570475,0.000181317571889253,5.04945881821743E-12,-5.97736308806424E-11,0.000180444606724358,-1.22251624208626E-07,1.95428817890956E-06,0,0,0,0,0,0,package://biped_gen4.0/meshes/r_l_tendon.STL,0.898039215686275,0.917647058823529,0.929411764705882,1,0,0,0,0,0,0,package://biped_gen4.0/meshes/r_l_tendon.STL,,r_l_tendon-1,r_l_tendon_pitch,r_l_tendon_pitch_axis,r_l_tendon,continuous,-0.0580000000000044,0,0,0,0,0,r_l_bar,0,-1,0,,,,,,,,,,,,
r_r_bar,-0.0172817199747909,-0.0066159300808061,-4.61156706599297E-07,0,0,0,0.0241948685329001,3.02750059467416E-06,1.66046205077837E-06,2.92284767874824E-10,1.63403563665505E-05,-6.39450453935481E-11,1.40552694993395E-05,0,0,0,0,0,0,package://biped_gen4.0/meshes/r_r_bar.STL,1,1,1,1,0,0,0,0,0,0,package://biped_gen4.0/meshes/r_r_bar.STL,,r_r_bar-1,r_r_bar,r_r_bar_axis,r_r_bar,continuous,0,-0.0259999999999875,-0.09,0,0,0,r_knee,0,-1,0,,,,,,,,,,,,
r_r_tendon,7.55754646364348E-08,0.00107382573957718,-0.116415142605242,0,0,0,0.0723258862757365,0.000407065577150581,4.88369892924843E-12,5.90598728281556E-11,0.000405860824979807,1.63254813219836E-07,2.46503277229997E-06,0,0,0,0,0,0,package://biped_gen4.0/meshes/r_r_tendon.STL,0.898039215686275,0.917647058823529,0.929411764705882,1,0,0,0,0,0,0,package://biped_gen4.0/meshes/r_r_tendon.STL,,r_r_tendon-1,r_r_tendon_pitch,r_r_tendon_pitch_axis,r_r_tendon,continuous,-0.057999999999996,0,0,0,0,0,r_r_bar,0,1,0,,,,,,,,,,,,
head_yaw,-0.000116065796709808,0.0034128323068932,-0.00762227943283844,0,0,0,0.0876587232040551,5.29184226374934E-05,-5.55749298909922E-08,2.93674313773848E-07,7.69981959753033E-05,-9.22993448844536E-06,5.31017800814282E-05,0,0,0,0,0,0,package://biped_gen4.0/meshes/head_yaw.STL,1,1,1,1,0,0,0,0,0,0,package://biped_gen4.0/meshes/head_yaw.STL,,head_yaw-1,head_pitch_yaw,head_yaw_axis,head_yaw,continuous,-0.0175475823124929,0,0.499400000000373,0,0,0,base_link,0,0,-1,,,,,,,,,,,,
head_pitch,0.0108076765997382,-0.00100494759438116,0.0523165975702761,0,0,0,0.348142076778321,0.000904070873567588,1.57558780381525E-06,0.000295083531658369,0.000957585537827453,-9.61289176090941E-06,0.00114051835139601,0,0,0,0,0,0,package://biped_gen4.0/meshes/head_pitch.STL,1,1,1,1,0,0,0,0,0,0,package://biped_gen4.0/meshes/head_pitch.STL,,head_pitch-1,head_pitch_yaw,head_pitch_axis,head_pitch,continuous,0,0,0,0,0,0,head_yaw,0,-1,0,,,,,,,,,,,,
